auction_id,image_url,cat_id,color_type
35675585048,http://img01.taobaocdn.com/bao/uploaded/i4/TB1iDukFVXXXXb3XXXXXXXXXXXX_!!0-item_pic.jpg,50006842,208
36073967402,http://img01.taobaocdn.com/bao/uploaded/i3/19610030836951470/T13v36FjBcXXXXXXXX_!!0-item_pic.jpg,50006842,208
37126346649,http://img01.taobaocdn.com/bao/uploaded/i2/TB1tX4.FVXXXXaCXXXXXXXXXXXX_!!0-item_pic.jpg,50006842,208
15061116424,http://img01.taobaocdn.com/bao/uploaded/i1/TB1MSAVGXXXXXaXapXXXXXXXXXX_!!0-item_pic.jpg,50006842,208
36142734328,http://img01.taobaocdn.com/bao/uploaded/i3/15434030909985411/T1EJ7_FmBeXXXXXXXX_!!0-item_pic.jpg,50006842,208
37199906027,http://img01.taobaocdn.com/bao/uploaded/i3/T1Ym4pFCJbXXXXXXXX_!!0-item_pic.jpg,50006842,208
26152124210,http://img01.taobaocdn.com/bao/uploaded/i2/12613029841279608/T1uwCYFaRdXXXXXXXX_!!0-item_pic.jpg,50006842,208
38333131100,http://img01.taobaocdn.com/bao/uploaded/i2/TB1Dl.iGFXXXXaFXVXXXXXXXXXX_!!0-item_pic.jpg,50006842,208
39417112526,http://img01.taobaocdn.com/bao/uploaded/i2/TB1VufQGpXXXXcdXpXXXXXXXXXX_!!0-item_pic.jpg,50006842,208
38816462890,http://img01.taobaocdn.com/bao/uploaded/i2/TB1AfXOGXXXXXXkapXXXXXXXXXX_!!0-item_pic.jpg,50006842,208
20351344021,http://img01.taobaocdn.com/bao/uploaded/i3/TB1w_ndGVXXXXcfXXXXXXXXXXXX_!!0-item_pic.jpg,50006842,208
39446133775,http://img01.taobaocdn.com/bao/uploaded/i1/TB1DS8VFVXXXXXDaXXXXXXXXXXX_!!0-item_pic.jpg,50006842,208
36521566747,http://img01.taobaocdn.com/bao/uploaded/i2/TB1s69mGpXXXXaDaXXXXXXXXXXX_!!0-item_pic.jpg,50006842,208
39094323629,http://img01.taobaocdn.com/bao/uploaded/i2/TB1OFz9FVXXXXbbXFXXXXXXXXXX_!!0-item_pic.jpg,50006842,208
25680480768,http://img01.taobaocdn.com/bao/uploaded/i2/19279024151559288/T1wXuZXsFgXXXXXXXX_!!0-item_pic.jpg,50006842,208
40408240377,http://img01.taobaocdn.com/bao/uploaded/i1/T1zR84FDxuXXXXXXXX_!!0-item_pic.jpg,50006842,208
38769689094,http://img01.taobaocdn.com/bao/uploaded/i3/TB1Vb74GVXXXXaCXVXXXXXXXXXX_!!0-item_pic.jpg,50006842,208
38858725155,http://img01.taobaocdn.com/bao/uploaded/i3/T1BdmqFKVcXXXXXXXX_!!0-item_pic.jpg,50006842,208
41346867368,http://img01.taobaocdn.com/bao/uploaded/i4/TB1MMwPGXXXXXbvXpXXXXXXXXXX_!!0-item_pic.jpg,50006842,208
42715697054,http://img01.taobaocdn.com/bao/uploaded/i3/TB1ecgzGVXXXXa7aXXXXXXXXXXX_!!0-item_pic.jpg,50006842,208
38694183741,http://img01.taobaocdn.com/bao/uploaded/i4/TB1_8tiFVXXXXbpXVXXXXXXXXXX_!!0-item_pic.jpg,14,208
19855010706,http://img01.taobaocdn.com/bao/uploaded/i2/11303027252743438/T1a.yxFjJXXXXXXXXX_!!0-item_pic.jpg,14,208
19460451609,http://img01.taobaocdn.com/bao/uploaded/i2/13742020714524609/T18TXwXsRfXXXXXXXX_!!0-item_pic.jpg,14,208
41097693909,http://img01.taobaocdn.com/bao/uploaded/i4/TB1g8rxGFXXXXcBXXXXXXXXXXXX_!!0-item_pic.jpg,14,208
35062785450,http://img01.taobaocdn.com/bao/uploaded/i3/TB1nT_ZGXXXXXXIXVXXXXXXXXXX_!!0-item_pic.jpg,14,208
25477016646,http://img01.taobaocdn.com/bao/uploaded/i3/16601023654818354/T1ru1YXshXXXXXXXXX_!!0-item_pic.jpg,14,208
26912524992,http://img01.taobaocdn.com/bao/uploaded/i4/T1zLbgFntaXXXXXXXX_!!0-item_pic.jpg,14,208
7261845055,http://img01.taobaocdn.com/bao/uploaded/i3/T1mmVIXelpXXXGFzU9_103900.jpg,14,208
41478408938,http://img01.taobaocdn.com/bao/uploaded/i4/TB1_ZItGVXXXXXJaXXXXXXXXXXX_!!0-item_pic.jpg,14,208
39550338817,http://img01.taobaocdn.com/bao/uploaded/i1/TB1Bvv4GpXXXXblXFXXXXXXXXXX_!!0-item_pic.jpg,14,208
35371646641,http://img01.taobaocdn.com/bao/uploaded/i2/T1xIdfFTNdXXXXXXXX_!!0-item_pic.jpg,14,208
41876772313,http://img01.taobaocdn.com/bao/uploaded/i2/TB1FBeCGFXXXXXJXpXXXXXXXXXX_!!0-item_pic.jpg,14,208
18083810475,http://img01.taobaocdn.com/bao/uploaded/i1/TB1D9a2GVXXXXaKapXXXXXXXXXX_!!0-item_pic.jpg,14,208
41894521604,http://img01.taobaocdn.com/bao/uploaded/i2/TB17KyEGFXXXXblXVXXXXXXXXXX_!!0-item_pic.jpg,14,208
40141233328,http://img01.taobaocdn.com/bao/uploaded/i3/TB1CVl3FVXXXXb6XVXXXXXXXXXX_!!0-item_pic.jpg,14,208
37718715903,http://img01.taobaocdn.com/bao/uploaded/i2/T13xQkFT8dXXXXXXXX_!!0-item_pic.jpg,14,208
40055369774,http://img01.taobaocdn.com/bao/uploaded/i2/TB1SFKqGXXXXXXNXpXXXXXXXXXX_!!0-item_pic.jpg,14,208
40903938323,http://img01.taobaocdn.com/bao/uploaded/i2/TB1hEB1GXXXXXbwXpXXXXXXXXXX_!!0-item_pic.jpg,14,208
42593226351,http://img01.taobaocdn.com/bao/uploaded/i1/TB1arC.GFXXXXc9aXXXXXXXXXXX_!!0-item_pic.jpg,14,208
22134420777,http://img01.taobaocdn.com/bao/uploaded/i3/TB1MVRGGXXXXXXVaXXXXXXXXXXX_!!0-item_pic.jpg,29,208
19128780628,http://img01.taobaocdn.com/bao/uploaded/i4/TB1BHkVGXXXXXcwXFXXXXXXXXXX_!!0-item_pic.jpg,29,208
15537471522,http://img01.taobaocdn.com/bao/uploaded/i1/TB1BBg3FFXXXXbPXXXXXXXXXXXX_!!0-item_pic.jpg,29,208
8829416049,http://img01.taobaocdn.com/bao/uploaded/i3/TB16FVdFVXXXXXgaXXXXXXXXXXX_!!0-item_pic.jpg,29,208
23886740038,http://img01.taobaocdn.com/bao/uploaded/i1/TB1nqonGVXXXXXhXpXXXXXXXXXX_!!0-item_pic.jpg,29,208
12971619678,http://img01.taobaocdn.com/bao/uploaded/i4/T1gi9pXbpeXXc5pIZ8_100053.jpg,29,208
37919017728,http://img01.taobaocdn.com/bao/uploaded/i4/T1M2JYFp0rXXXXXXXX_!!0-item_pic.jpg,29,208
23297068305,http://img01.taobaocdn.com/bao/uploaded/i3/18763020481069206/T1E6NKXuJdXXXXXXXX_!!0-item_pic.jpg,29,208
21177468060,http://img01.taobaocdn.com/bao/uploaded/i1/TB1n7P2GFXXXXbJXFXXXXXXXXXX_!!0-item_pic.jpg,29,208
19143260460,http://img01.taobaocdn.com/bao/uploaded/i2/12644021990657732/T1j.KhXrFdXXXXXXXX_!!0-item_pic.jpg,29,208
40847197869,http://img01.taobaocdn.com/bao/uploaded/i1/TB1SFXFGXXXXXXKXXXXXXXXXXXX_!!0-item_pic.jpg,29,208
7810981836,http://img01.taobaocdn.com/bao/uploaded/i2/TB12FubGXXXXXXLXXXXXXXXXXXX_!!0-item_pic.jpg,29,208
15565535120,http://img01.taobaocdn.com/bao/uploaded/i1/TB1G_w.GVXXXXbnXVXXXXXXXXXX_!!0-item_pic.jpg,29,208
41717736022,http://img01.taobaocdn.com/bao/uploaded/i2/TB1xelAHXXXXXXsXVXXXXXXXXXX_!!0-item_pic.jpg,29,208
12710381988,http://img01.taobaocdn.com/bao/uploaded/i3/T17.1SXhNoXXcqzzZ._113055.jpg,29,208
4563660913,http://img01.taobaocdn.com/bao/uploaded/i2/T1_XBsXgJoXXbhg7wY_030245.jpg,29,208
19553615344,http://img01.taobaocdn.com/bao/uploaded/i2/13102020948476848/T1Br8SXDhgXXXXXXXX_!!0-item_pic.jpg,29,208
37903723149,http://img01.taobaocdn.com/bao/uploaded/i2/T1PICjFBXgXXXXXXXX_!!0-item_pic.jpg,29,208
17998531943,http://img01.taobaocdn.com/bao/uploaded/i2/12644023864163756/T1ayWhXAVaXXXXXXXX_!!0-item_pic.jpg,29,208
37905420732,http://img01.taobaocdn.com/bao/uploaded/i3/T1mTX4FDBoXXXXXXXX_!!0-item_pic.jpg,29,208
18718435102,http://img01.taobaocdn.com/bao/uploaded/i4/18693019422060563/T1w6c3Xg4cXXXXXXXX_!!0-item_pic.jpg,1801,208
35417291744,http://img01.taobaocdn.com/bao/uploaded/i4/17870041559320441/T1fkbMFaXXXXXXXXXX_!!0-item_pic.jpg,1801,208
38888681100,http://img01.taobaocdn.com/bao/uploaded/i2/T15JjjFUpXXXXXXXXX_!!0-item_pic.jpg,1801,208
41716925369,http://img01.taobaocdn.com/bao/uploaded/i3/TB1hWc3GXXXXXXbaXXXXXXXXXXX_!!0-item_pic.jpg,1801,208
41214130349,http://img01.taobaocdn.com/bao/uploaded/i4/TB1ttbnGVXXXXbEapXXXXXXXXXX_!!0-item_pic.jpg,1801,208
38416007366,http://img01.taobaocdn.com/bao/uploaded/i1/T17fReFUFXXXXXXXXX_!!0-item_pic.jpg,1801,208
14873151650,http://img01.taobaocdn.com/bao/uploaded/i2/TB1F8q0GVXXXXamXpXXXXXXXXXX_!!0-item_pic.jpg,1801,208
13860534294,http://img01.taobaocdn.com/bao/uploaded/i4/12172031259326434/T1OSo6FeRaXXXXXXXX_!!0-item_pic.jpg,1801,208
16517235419,http://img01.taobaocdn.com/bao/uploaded/i2/TB1HpKkGVXXXXcBXFXXXXXXXXXX_!!0-item_pic.jpg,1801,208
21008760107,http://img01.taobaocdn.com/bao/uploaded/i4/16574028461620218/T1cRkuXXNXXXXXXXXX_!!0-item_pic.jpg,1801,208
37804003143,http://img01.taobaocdn.com/bao/uploaded/i4/TB1GbeyFVXXXXbTXXXXXXXXXXXX_!!0-item_pic.jpg,1801,208
38370785531,http://img01.taobaocdn.com/bao/uploaded/i3/T1Z1s4FCxcXXXXXXXX_!!0-item_pic.jpg,1801,208
36921655455,http://img01.taobaocdn.com/bao/uploaded/i3/T1DazJFk4fXXXXXXXX_!!2-item_pic.png,1801,208
26364648416,http://img01.taobaocdn.com/bao/uploaded/i1/T1X2lqFXxeXXXXXXXX_!!0-item_pic.jpg,1801,208
38782741807,http://img01.taobaocdn.com/bao/uploaded/i2/T1yBNnFBNXXXXXXXXX_!!0-item_pic.jpg,1801,208
41485324974,http://img01.taobaocdn.com/bao/uploaded/i1/TB1ua8GGFXXXXXmXXXXXXXXXXXX_!!0-item_pic.jpg,1801,208
17245252562,http://img01.taobaocdn.com/bao/uploaded/i3/12561025792110951/T1Z3NJFcNhXXXXXXXX_!!0-item_pic.jpg,1801,208
39937722536,http://img01.taobaocdn.com/bao/uploaded/i2/TB1trNCFVXXXXa.XVXXXXXXXXXX_!!0-item_pic.jpg,1801,208
38822343189,http://img01.taobaocdn.com/bao/uploaded/i1/T1DL3uFBtXXXXXXXXX_!!0-item_pic.jpg,1801,208
35087034170,http://img01.taobaocdn.com/bao/uploaded/i1/TB1nwGlGXXXXXXLaXXXXXXXXXXX_!!0-item_pic.jpg,1801,208
37595951010,http://img01.taobaocdn.com/bao/uploaded/i2/TB1t2zDGpXXXXXvaXXXXXXXXXXX_!!0-item_pic.jpg,50006843,208
25043824213,http://img01.taobaocdn.com/bao/uploaded/i4/13177030830922432/T1kLZfFn0XXXXXXXXX_!!0-item_pic.jpg,50006843,208
41698262161,http://img01.taobaocdn.com/bao/uploaded/i4/TB1p7wYGXXXXXXbXVXXXXXXXXXX_!!0-item_pic.jpg,50006843,208
40302180572,http://img01.taobaocdn.com/bao/uploaded/i1/TB1JOgRFVXXXXbAXXXXXXXXXXXX_!!0-item_pic.jpg,50006843,208
35785672753,http://img01.taobaocdn.com/bao/uploaded/i1/TB13l4jGFXXXXXaaXXXXXXXXXXX_!!0-item_pic.jpg,50006843,208
36563266510,http://img01.taobaocdn.com/bao/uploaded/i1/TB1zxX3GFXXXXbeaXXXXXXXXXXX_!!0-item_pic.jpg,50006843,208
41658299652,http://img01.taobaocdn.com/bao/uploaded/i1/TB1TGH8GpXXXXXzXVXXXXXXXXXX_!!0-item_pic.jpg,50006843,208
40812965983,http://img01.taobaocdn.com/bao/uploaded/i3/TB1hOhjGpXXXXXYXVXXXXXXXXXX_!!0-item_pic.jpg,50006843,208
39309632112,http://img01.taobaocdn.com/bao/uploaded/i4/TB1jmIsGVXXXXcUXXXXXXXXXXXX_!!0-item_pic.jpg,50006843,208
21911727324,http://img01.taobaocdn.com/bao/uploaded/i3/15790026318396677/T1juGhFd8XXXXXXXXX_!!0-item_pic.jpg,50006843,208
40118952598,http://img01.taobaocdn.com/bao/uploaded/i1/TB1V2pFGVXXXXaCaXXXXXXXXXXX_!!0-item_pic.jpg,50006843,208
36427527215,http://img01.taobaocdn.com/bao/uploaded/i4/TB1M2vRGVXXXXccXFXXXXXXXXXX_!!0-item_pic.jpg,50006843,208
41932459766,http://img01.taobaocdn.com/bao/uploaded/i3/TB1mhPgGFXXXXcvXpXXXXXXXXXX_!!0-item_pic.jpg,50006843,208
37544690804,http://img01.taobaocdn.com/bao/uploaded/i1/T10CDtFvtbXXXXXXXX_!!0-item_pic.jpg,50006843,208
40103890215,http://img01.taobaocdn.com/bao/uploaded/i2/TB1LTR0GVXXXXa8XFXXXXXXXXXX_!!0-item_pic.jpg,50006843,208
41573491589,http://img01.taobaocdn.com/bao/uploaded/i1/TB1e6jZGFXXXXarapXXXXXXXXXX_!!0-item_pic.jpg,50006843,208
38953580895,http://img01.taobaocdn.com/bao/uploaded/i4/TB1g9zGGXXXXXanXVXXXXXXXXXX_!!0-item_pic.jpg,50006843,208
40958157784,http://img01.taobaocdn.com/bao/uploaded/i4/TB1L14yGXXXXXayapXXXXXXXXXX_!!0-item_pic.jpg,50006843,208
24225060953,http://img01.taobaocdn.com/bao/uploaded/i3/14692021868890251/T1vo5eXBRaXXXXXXXX_!!0-item_pic.jpg,50006843,208
40484341075,http://img01.taobaocdn.com/bao/uploaded/i3/TB1XKLUFVXXXXczXXXXXXXXXXXX_!!0-item_pic.jpg,50006843,208
41675966896,http://img01.taobaocdn.com/bao/uploaded/i3/TB1rzpiGXXXXXauaXXXXXXXXXXX_!!0-item_pic.jpg,16,208
17101104227,http://img01.taobaocdn.com/bao/uploaded/i2/T110hgXeNCXXaxW4ZU_015123.jpg,16,208
40978249392,http://img01.taobaocdn.com/bao/uploaded/i2/TB14G3IGXXXXXX3XpXXXXXXXXXX_!!0-item_pic.jpg,16,208
37386400294,http://img01.taobaocdn.com/bao/uploaded/i1/TB1IyGdFVXXXXcKXpXXXXXXXXXX_!!0-item_pic.jpg,16,208
39278610316,http://img01.taobaocdn.com/bao/uploaded/i1/TB1IgjPFFXXXXaKaFXXXXXXXXXX_!!0-item_pic.jpg,16,208
42970090607,http://img01.taobaocdn.com/bao/uploaded/i2/TB1HN6WGXXXXXX0apXXXXXXXXXX_!!0-item_pic.jpg,16,208
12395097027,http://img01.taobaocdn.com/bao/uploaded/i2/T1xwV6XaJzXXXTtx_a_121415.jpg,16,208
41461088118,http://img01.taobaocdn.com/bao/uploaded/i3/TB1jpVgGpXXXXcWXXXXXXXXXXXX_!!0-item_pic.jpg,16,208
41093314006,http://img01.taobaocdn.com/bao/uploaded/i3/TB1VYQRGXXXXXbpXpXXXXXXXXXX_!!0-item_pic.jpg,16,208
40647788637,http://img01.taobaocdn.com/bao/uploaded/i1/TB1OockGFXXXXaEXFXXXXXXXXXX_!!0-item_pic.jpg,16,208
14610624162,http://img01.taobaocdn.com/bao/uploaded/i8/T1nr9EXkRbXXXzvqLa_120157.jpg,16,208
40864121429,http://img01.taobaocdn.com/bao/uploaded/i3/TB1EptFGXXXXXcYXpXXXXXXXXXX_!!0-item_pic.jpg,16,208
41785790193,http://img01.taobaocdn.com/bao/uploaded/i2/TB1SUFoGFXXXXazaXXXXXXXXXXX_!!0-item_pic.jpg,16,208
41392426029,http://img01.taobaocdn.com/bao/uploaded/i1/TB1Bc6zGFXXXXbpXFXXXXXXXXXX_!!0-item_pic.jpg,16,208
40557343339,http://img01.taobaocdn.com/bao/uploaded/i1/TB1iUTmGFXXXXbCXpXXXXXXXXXX_!!0-item_pic.jpg,16,208
40717447632,http://img01.taobaocdn.com/bao/uploaded/i4/TB1Ha8aGXXXXXaiXXXXXXXXXXXX_!!0-item_pic.jpg,16,208
39479732217,http://img01.taobaocdn.com/bao/uploaded/i4/TB1jEzIFVXXXXXcXpXXXXXXXXXX_!!0-item_pic.jpg,16,208
37533468825,http://img01.taobaocdn.com/bao/uploaded/i3/T1yb2BFuRcXXXXXXXX_!!0-item_pic.jpg,16,208
40722381527,http://img01.taobaocdn.com/bao/uploaded/i2/TB1Qx7PFVXXXXa3XFXXXXXXXXXX_!!0-item_pic.jpg,16,208
42225663310,http://img01.taobaocdn.com/bao/uploaded/i3/TB1VjKNGXXXXXa5aXXXXXXXXXXX_!!0-item_pic.jpg,16,208
35209178872,http://img01.taobaocdn.com/bao/uploaded/i4/T1zdDpFkBaXXXXXXXX_!!0-item_pic.jpg,50026316,208
40611925695,http://img01.taobaocdn.com/bao/uploaded/i3/TB1yvRxGXXXXXXBaXXXXXXXXXXX_!!0-item_pic.jpg,50026316,208
40972785679,http://img01.taobaocdn.com/bao/uploaded/i4/TB13g__GVXXXXcqXpXXXXXXXXXX_!!0-item_pic.jpg,50026316,208
19113465836,http://img01.taobaocdn.com/bao/uploaded/i3/TB1Bl3cGVXXXXXhXXXXXXXXXXXX_!!0-item_pic.jpg,50026316,208
39236016508,http://img01.taobaocdn.com/bao/uploaded/i3/TB1IcIiGVXXXXXQaXXXXXXXXXXX_!!0-item_pic.jpg,50026316,208
38995083165,http://img01.taobaocdn.com/bao/uploaded/i1/TB1SDSBGFXXXXbVXVXXXXXXXXXX_!!0-item_pic.jpg,50026316,208
17443686013,http://img01.taobaocdn.com/bao/uploaded/i4/14026030750501899/T1Fw5uXu8jXXXXXXXX_!!0-item_pic.jpg,50026316,208
18455198675,http://img01.taobaocdn.com/bao/uploaded/i1/15005023807697572/T1Jt4eFmdaXXXXXXXX_!!0-item_pic.jpg,50026316,208
40117037227,http://img01.taobaocdn.com/bao/uploaded/i4/TB1cPcpFFXXXXcUaFXXXXXXXXXX_!!0-item_pic.jpg,50026316,208
21774039537,http://img01.taobaocdn.com/bao/uploaded/i2/TB1.ivKGXXXXXXkXVXXXXXXXXXX_!!0-item_pic.jpg,50026316,208
37762247806,http://img01.taobaocdn.com/bao/uploaded/i3/TB1jrCZGFXXXXbXXVXXXXXXXXXX_!!0-item_pic.jpg,50026316,208
38780358388,http://img01.taobaocdn.com/bao/uploaded/i4/T1EV1MFKdbXXXXXXXX_!!0-item_pic.jpg,50026316,208
41948957040,http://img01.taobaocdn.com/bao/uploaded/i1/T1eS_RFNXXXXXXXXXX_!!0-item_pic.jpg,50026316,208
36805883884,http://img01.taobaocdn.com/bao/uploaded/i4/T1peFGFuhjXXXXXXXX_!!0-item_pic.jpg,50026316,208
39061861841,http://img01.taobaocdn.com/bao/uploaded/i4/T1JgqQFDxBXXXXXXXX_!!0-item_pic.jpg,50026316,208
39841039534,http://img01.taobaocdn.com/bao/uploaded/i3/TB1Bj6hGVXXXXa1XpXXXXXXXXXX_!!2-item_pic.png,50026316,208
38668224369,http://img01.taobaocdn.com/bao/uploaded/i3/T12udPFTxcXXXXXXXX_!!0-item_pic.jpg,50026316,208
41206156526,http://img01.taobaocdn.com/bao/uploaded/i4/TB1sluPGVXXXXaMXVXXXXXXXXXX_!!0-item_pic.jpg,50026316,208
38769510679,http://img01.taobaocdn.com/bao/uploaded/i3/T1LrKNFMXXXXXXXXXX_!!0-item_pic.jpg,50026316,208
39352809447,http://img01.taobaocdn.com/bao/uploaded/i1/TB1gV9EFFXXXXbybVXXXXXXXXXX_!!0-item_pic.jpg,50026316,208
38725367240,http://img01.taobaocdn.com/bao/uploaded/i4/T1VqbRFdteXXXXXXXX_!!0-item_pic.jpg,50002768,208
38725367240,http://img01.taobaocdn.com/bao/uploaded/i4/T1VqbRFdteXXXXXXXX_!!0-item_pic.jpg,50002768,208
37906500864,http://img01.taobaocdn.com/bao/uploaded/i3/TB1FuE9GVXXXXaUXpXXXXXXXXXX_!!0-item_pic.jpg,50002768,208
37906500864,http://img01.taobaocdn.com/bao/uploaded/i3/TB1FuE9GVXXXXaUXpXXXXXXXXXX_!!0-item_pic.jpg,50002768,208
39799607771,http://img01.taobaocdn.com/bao/uploaded/i1/TB1WssnGVXXXXboXpXXXXXXXXXX_!!0-item_pic.jpg,50002768,208
39799607771,http://img01.taobaocdn.com/bao/uploaded/i1/TB1WssnGVXXXXboXpXXXXXXXXXX_!!0-item_pic.jpg,50002768,208
13187139085,http://img01.taobaocdn.com/bao/uploaded/i3/TB19EDiFVXXXXcKXVXXXXXXXXXX_!!0-item_pic.jpg,50002768,208
13187139085,http://img01.taobaocdn.com/bao/uploaded/i3/TB19EDiFVXXXXcKXVXXXXXXXXXX_!!0-item_pic.jpg,50002768,208
17326133088,http://img01.taobaocdn.com/bao/uploaded/i2/18843033010052329/T1RQxqXppgXXXXXXXX_!!0-item_pic.jpg,50002768,208
17326133088,http://img01.taobaocdn.com/bao/uploaded/i2/18843033010052329/T1RQxqXppgXXXXXXXX_!!0-item_pic.jpg,50002768,208
40863658662,http://img01.taobaocdn.com/bao/uploaded/i3/TB1cGMdGVXXXXaPXFXXXXXXXXXX_!!0-item_pic.jpg,50002768,208
40863658662,http://img01.taobaocdn.com/bao/uploaded/i3/TB1cGMdGVXXXXaPXFXXXXXXXXXX_!!0-item_pic.jpg,50002768,208
38347651835,http://img01.taobaocdn.com/bao/uploaded/i3/T11Aw5FrtcXXXXXXXX_!!0-item_pic.jpg,50002768,208
38347651835,http://img01.taobaocdn.com/bao/uploaded/i3/T11Aw5FrtcXXXXXXXX_!!0-item_pic.jpg,50002768,208
39859634225,http://img01.taobaocdn.com/bao/uploaded/i3/T1hR90FHBbXXXXXXXX_!!0-item_pic.jpg,50002768,208
39859634225,http://img01.taobaocdn.com/bao/uploaded/i3/T1hR90FHBbXXXXXXXX_!!0-item_pic.jpg,50002768,208
38897003370,http://img01.taobaocdn.com/bao/uploaded/i4/TB1C9hYFVXXXXXKXXXXXXXXXXXX_!!0-item_pic.jpg,50002768,208
38897003370,http://img01.taobaocdn.com/bao/uploaded/i4/TB1C9hYFVXXXXXKXXXXXXXXXXXX_!!0-item_pic.jpg,50002768,208
42926057160,http://img01.taobaocdn.com/bao/uploaded/i3/TB1eU6zGVXXXXcHXFXXXXXXXXXX_!!0-item_pic.jpg,50002768,208
42926057160,http://img01.taobaocdn.com/bao/uploaded/i3/TB1eU6zGVXXXXcHXFXXXXXXXXXX_!!0-item_pic.jpg,50002768,208
35177866376,http://img01.taobaocdn.com/bao/uploaded/i3/TB1U8jvFVXXXXXVXpXXXXXXXXXX_!!0-item_pic.jpg,1625,208
39635633919,http://img01.taobaocdn.com/bao/uploaded/i1/TB1i8bgFVXXXXaEXpXXXXXXXXXX_!!0-item_pic.jpg,1625,208
37140534410,http://img01.taobaocdn.com/bao/uploaded/i4/T15q_aFEBaXXXXXXXX_!!0-item_pic.jpg,1625,208
40485370320,http://img01.taobaocdn.com/bao/uploaded/i1/TB1Veb1FVXXXXaRXpXXXXXXXXXX_!!0-item_pic.jpg,1625,208
38741556443,http://img01.taobaocdn.com/bao/uploaded/i3/TB1zFmRGXXXXXajXXXXXXXXXXXX_!!0-item_pic.jpg,1625,208
40792800484,http://img01.taobaocdn.com/bao/uploaded/i2/TB1MAyTGFXXXXcDXpXXXXXXXXXX_!!2-item_pic.png,1625,208
19784620259,http://img01.taobaocdn.com/bao/uploaded/i3/TB1Lq7LGVXXXXcrXFXXXXXXXXXX_!!0-item_pic.jpg,1625,208
41441258039,http://img01.taobaocdn.com/bao/uploaded/i3/TB1EBQoGpXXXXXuXXXXXXXXXXXX_!!0-item_pic.jpg,1625,208
37927876377,http://img01.taobaocdn.com/bao/uploaded/i1/T1nwrlFBpdXXXXXXXX_!!0-item_pic.jpg,1625,208
40897598034,http://img01.taobaocdn.com/bao/uploaded/i2/TB1OGYbFVXXXXbcXVXXXXXXXXXX_!!0-item_pic.jpg,1625,208
36637226417,http://img01.taobaocdn.com/bao/uploaded/i2/T1WD0BFvhXXXXXXXXX_!!0-item_pic.jpg,1625,208
41078839372,http://img01.taobaocdn.com/bao/uploaded/i3/TB1utupGXXXXXa2XpXXXXXXXXXX_!!0-item_pic.jpg,1625,208
39984970611,http://img01.taobaocdn.com/bao/uploaded/i1/TB1qd1JGVXXXXbVXFXXXXXXXXXX_!!0-item_pic.jpg,1625,208
35087991393,http://img01.taobaocdn.com/bao/uploaded/i2/TB1imfhFVXXXXc3XVXXXXXXXXXX_!!0-item_pic.jpg,1625,208
14430539098,http://img01.taobaocdn.com/bao/uploaded/i2/16278028109587401/T1ZgmVFo0XXXXXXXXX_!!0-item_pic.jpg,1625,208
42169652807,http://img01.taobaocdn.com/bao/uploaded/i3/TB1d36_GFXXXXakXFXXXXXXXXXX_!!0-item_pic.jpg,1625,208
16040553833,http://img01.taobaocdn.com/bao/uploaded/i4/T1NGQQFe8bXXXXXXXX_!!0-item_pic.jpg,1625,208
15742437625,http://img01.taobaocdn.com/bao/uploaded/i4/TB1okZwGVXXXXcWXVXXXXXXXXXX_!!0-item_pic.jpg,1625,208
41860582472,http://img01.taobaocdn.com/bao/uploaded/i4/T16rtsFPBfXXXXXXXX_!!0-item_pic.jpg,1625,208
40629282622,http://img01.taobaocdn.com/bao/uploaded/i4/TB1wSG1FVXXXXbgaXXXXXXXXXXX_!!0-item_pic.jpg,1625,208
18598031983,http://img01.taobaocdn.com/bao/uploaded/i1/11416024043093835/T1pWJkFfBbXXXXXXXX_!!0-item_pic.jpg,1101,208
26648516587,http://img01.taobaocdn.com/bao/uploaded/i1/17476025890243293/T1j3X0FnFbXXXXXXXX_!!0-item_pic.jpg,1101,208
38988400780,http://img01.taobaocdn.com/bao/uploaded/i3/T1Lv6RFKJaXXXXXXXX_!!0-item_pic.jpg,1101,208
19706555265,http://img01.taobaocdn.com/bao/uploaded/i3/TB16yenGXXXXXaFXVXXXXXXXXXX_!!0-item_pic.jpg,1101,208
39069731599,http://img01.taobaocdn.com/bao/uploaded/i2/TB1ZdhmFVXXXXXEapXXXXXXXXXX_!!0-item_pic.jpg,1101,208
19537266486,http://img01.taobaocdn.com/bao/uploaded/i3/T1gNH9FSRbXXXXXXXX_!!0-item_pic.jpg,1101,208
41462195992,http://img01.taobaocdn.com/bao/uploaded/i3/TB1d9dPGpXXXXa2XFXXXXXXXXXX_!!0-item_pic.jpg,1101,208
40378268764,http://img01.taobaocdn.com/bao/uploaded/i3/TB1k0jwGFXXXXcZXpXXXXXXXXXX_!!0-item_pic.jpg,1101,208
35763532613,http://img01.taobaocdn.com/bao/uploaded/i4/13922030216747147/T1EuAuFjNcXXXXXXXX_!!0-item_pic.jpg,1101,208
37995364792,http://img01.taobaocdn.com/bao/uploaded/i3/T1HTiaFBpbXXXXXXXX_!!0-item_pic.jpg,1101,208
39082473856,http://img01.taobaocdn.com/bao/uploaded/i2/T16UmUFKXeXXXXXXXX_!!0-item_pic.jpg,1101,208
38494980371,http://img01.taobaocdn.com/bao/uploaded/i2/TB1jfWlGXXXXXc2XXXXXXXXXXXX_!!0-item_pic.jpg,1101,208
40440434011,http://img01.taobaocdn.com/bao/uploaded/i1/TB1GujJFVXXXXanXpXXXXXXXXXX_!!0-item_pic.jpg,1101,208
40966957097,http://img01.taobaocdn.com/bao/uploaded/i3/TB10dWdGXXXXXXtXFXXXXXXXXXX_!!0-item_pic.jpg,1101,208
13140034696,http://img01.taobaocdn.com/bao/uploaded/i3/T1DRCyXe8aXXXN7vTa_091127.jpg,1101,208
22161627112,http://img01.taobaocdn.com/bao/uploaded/i2/18609028869983719/T1kycEXjxdXXXXXXXX_!!0-item_pic.jpg,1101,208
16395702565,http://img01.taobaocdn.com/bao/uploaded/i1/TB1qGsFGXXXXXXkXFXXXXXXXXXX_!!0-item_pic.jpg,1101,208
13106182616,http://img01.taobaocdn.com/bao/uploaded/i3/13394020687373116/T13RxOXwlbXXXXXXXX_!!0-item_pic.jpg,1101,208
35281877493,http://img01.taobaocdn.com/bao/uploaded/i4/17946029960415351/T1za7iFh4aXXXXXXXX_!!0-item_pic.jpg,1101,208
16847791612,http://img01.taobaocdn.com/bao/uploaded/i3/TB1BX78FVXXXXcoXFXXXXXXXXXX_!!0-item_pic.jpg,1101,208
42010643928,http://img01.taobaocdn.com/bao/uploaded/i3/TB1HPyNGFXXXXXGaXXXXXXXXXXX_!!0-item_pic.jpg,50012100,208
22580155239,http://img01.taobaocdn.com/bao/uploaded/i3/18655028015992820/T1BV11FoVcXXXXXXXX_!!0-item_pic.jpg,50012100,208
22370420602,http://img01.taobaocdn.com/bao/uploaded/i1/T1W5THFG8dXXXXXXXX_!!0-item_pic.jpg,50012100,208
42665312953,http://img01.taobaocdn.com/bao/uploaded/i2/TB1NUgMGFXXXXbOXVXXXXXXXXXX_!!0-item_pic.jpg,50012100,208
41139354789,http://img01.taobaocdn.com/bao/uploaded/i1/TB1jihKGVXXXXcLXVXXXXXXXXXX_!!0-item_pic.jpg,50012100,208
41868588153,http://img01.taobaocdn.com/bao/uploaded/i4/TB1IPp8GFXXXXaSXVXXXXXXXXXX_!!0-item_pic.jpg,50012100,208
20276841366,http://img01.taobaocdn.com/bao/uploaded/i3/16180028305562707/T11TO0FjNbXXXXXXXX_!!0-item_pic.jpg,50012100,208
42876688470,http://img01.taobaocdn.com/bao/uploaded/i3/TB1wJ4HHXXXXXcWXXXXXXXXXXXX_!!0-item_pic.jpg,50012100,208
42057357755,http://img01.taobaocdn.com/bao/uploaded/i2/TB1tb.cGVXXXXa2XVXXXXXXXXXX_!!0-item_pic.jpg,50012100,208
43199223607,http://img01.taobaocdn.com/bao/uploaded/i3/TB1U5pcHXXXXXa5XXXXXXXXXXXX_!!0-item_pic.jpg,50012100,208
40515319230,http://img01.taobaocdn.com/bao/uploaded/i2/TB1Td7pGFXXXXXaXFXXXXXXXXXX_!!0-item_pic.jpg,50012100,208
41933037554,http://img01.taobaocdn.com/bao/uploaded/i4/TB1BYE.FVXXXXXrXVXXXXXXXXXX_!!0-item_pic.jpg,50012100,208
26038208136,http://img01.taobaocdn.com/bao/uploaded/i3/17518024706115192/T11iJsFaXbXXXXXXXX_!!0-item_pic.jpg,50012100,208
37996961381,http://img01.taobaocdn.com/bao/uploaded/i2/TB13xZ3GVXXXXX7aXXXXXXXXXXX_!!2-item_pic.png,50012100,208
40004718705,http://img01.taobaocdn.com/bao/uploaded/i2/TB1VINMFVXXXXaPXFXXXXXXXXXX_!!0-item_pic.jpg,50012100,208
41377107249,http://img01.taobaocdn.com/bao/uploaded/i3/TB1A3nRGVXXXXbWXpXXXXXXXXXX_!!0-item_pic.jpg,50012100,208
20775267111,http://img01.taobaocdn.com/bao/uploaded/i1/TB1Y5bEGXXXXXbPXVXXXXXXXXXX_!!0-item_pic.jpg,50012100,208
38303031604,http://img01.taobaocdn.com/bao/uploaded/i1/TB1DH74FFXXXXchaXXXXXXXXXXX_!!0-item_pic.jpg,50012100,208
10398313868,http://img01.taobaocdn.com/bao/uploaded/i2/T1eQLoFEdcXXXXXXXX_!!0-item_pic.jpg,50012100,208
42573381332,http://img01.taobaocdn.com/bao/uploaded/i3/TB101VpGFXXXXbmaXXXXXXXXXXX_!!0-item_pic.jpg,50012100,208
10951891220,http://img01.taobaocdn.com/bao/uploaded/i3/TB1iM3qGVXXXXc2XpXXXXXXXXXX_!!0-item_pic.jpg,30,208
41414697542,http://img01.taobaocdn.com/bao/uploaded/i4/TB1tRMSGXXXXXbtXFXXXXXXXXXX_!!0-item_pic.jpg,30,208
41343283451,http://img01.taobaocdn.com/bao/uploaded/i2/TB1weSVGXXXXXc2XFXXXXXXXXXX_!!0-item_pic.jpg,30,208
38256425375,http://img01.taobaocdn.com/bao/uploaded/i2/T19qAAFzpaXXXXXXXX_!!0-item_pic.jpg,30,208
42589536393,http://img01.taobaocdn.com/bao/uploaded/i3/TB1NvtlGFXXXXX1apXXXXXXXXXX_!!0-item_pic.jpg,30,208
41793857900,http://img01.taobaocdn.com/bao/uploaded/i4/TB14yRRGXXXXXXJaXXXXXXXXXXX_!!0-item_pic.jpg,30,208
36766486422,http://img01.taobaocdn.com/bao/uploaded/i1/T1kbdsFqFzXXXXXXXX_!!0-item_pic.jpg,30,208
40214080048,http://img01.taobaocdn.com/bao/uploaded/i2/TB1e59KFVXXXXa5XpXXXXXXXXXX_!!0-item_pic.jpg,30,208
17719627544,http://img01.taobaocdn.com/bao/uploaded/i3/TB1QnT8GXXXXXXGXpXXXXXXXXXX_!!0-item_pic.jpg,30,208
39326492266,http://img01.taobaocdn.com/bao/uploaded/i3/TB11mpWFVXXXXcpXXXXXXXXXXXX_!!0-item_pic.jpg,30,208
39005486309,http://img01.taobaocdn.com/bao/uploaded/i4/T18AGSFwxbXXXXXXXX_!!0-item_pic.jpg,30,208
38897583138,http://img01.taobaocdn.com/bao/uploaded/i1/T1IUPvFFVXXXXXXXXX_!!0-item_pic.jpg,30,208
40104504589,http://img01.taobaocdn.com/bao/uploaded/i1/TB1kXhUFVXXXXX1aXXXXXXXXXXX_!!0-item_pic.jpg,30,208
38980339106,http://img01.taobaocdn.com/bao/uploaded/i4/669422027/TB2F.HnXVXXXXcuXXXXXXXXXXXX_!!669422027.jpg,30,208
35492874221,http://img01.taobaocdn.com/bao/uploaded/i3/TB1ral4GVXXXXXpXpXXXXXXXXXX_!!2-item_pic.png,30,208
16427927352,http://img01.taobaocdn.com/bao/uploaded/i2/T1YMrvXdJfXXbJ5rYX_114402.jpg,30,208
42890264732,http://img01.taobaocdn.com/bao/uploaded/i2/TB1fkzoGVXXXXXgXpXXXXXXXXXX_!!0-item_pic.jpg,30,208
17209417698,http://img01.taobaocdn.com/bao/uploaded/i2/19914019594485656/T105VbXpxdXXXXXXXX_!!0-item_pic.jpg,30,208
36326567417,http://img01.taobaocdn.com/bao/uploaded/i1/T1oPfQFRtaXXXXXXXX_!!0-item_pic.jpg,30,208
17566405761,http://img01.taobaocdn.com/bao/uploaded/i2/12009020439213559/T1wUNJXvldXXXXXXXX_!!0-item_pic.jpg,30,208
19609756235,http://img01.taobaocdn.com/bao/uploaded/i3/T1LG7eFn4fXXXXXXXX_!!0-item_pic.jpg,50011740,208
19999208278,http://img01.taobaocdn.com/bao/uploaded/i3/T1FogTFaJhXXXXXXXX_!!0-item_pic.jpg,50011740,208
40973175852,http://img01.taobaocdn.com/bao/uploaded/i4/T1tcN7Fx0bXXXXXXXX_!!0-item_pic.jpg,50011740,208
38080280354,http://img01.taobaocdn.com/bao/uploaded/i1/T1bFNVFvpjXXXXXXXX_!!0-item_pic.jpg,50011740,208
38101395709,http://img01.taobaocdn.com/bao/uploaded/i4/T1pm2TFBFaXXXXXXXX_!!0-item_pic.jpg,50011740,208
42446841457,http://img01.taobaocdn.com/bao/uploaded/i3/TB1ImRHFVXXXXcMXFXXXXXXXXXX_!!0-item_pic.jpg,50011740,208
40409140598,http://img01.taobaocdn.com/bao/uploaded/i4/TB1bGPhFVXXXXaoXFXXXXXXXXXX_!!0-item_pic.jpg,50011740,208
38797899370,http://img01.taobaocdn.com/bao/uploaded/i1/T1YsWYFKhaXXXXXXXX_!!0-item_pic.jpg,50011740,208
41124465579,http://img01.taobaocdn.com/bao/uploaded/i1/TB104r8GFXXXXanXXXXXXXXXXXX_!!0-item_pic.jpg,50011740,208
35205186010,http://img01.taobaocdn.com/bao/uploaded/i1/18014029979078886/T1k1IgFk8bXXXXXXXX_!!0-item_pic.jpg,50011740,208
37946165397,http://img01.taobaocdn.com/bao/uploaded/i4/TB1v.KoGXXXXXanaXXXXXXXXXXX_!!0-item_pic.jpg,50011740,208
39257552035,http://img01.taobaocdn.com/bao/uploaded/i2/TB1ShTdFVXXXXcIXpXXXXXXXXXX_!!0-item_pic.jpg,50011740,208
41398530717,http://img01.taobaocdn.com/bao/uploaded/i3/TB1u2sWGXXXXXcbXFXXXXXXXXXX_!!0-item_pic.jpg,50011740,208
16038668715,http://img01.taobaocdn.com/bao/uploaded/i4/T1jHC0XnXiXXXvc4va_091327.jpg,50011740,208
42524143430,http://img01.taobaocdn.com/bao/uploaded/i1/TB1_wgZGVXXXXcNXpXXXXXXXXXX_!!0-item_pic.jpg,50011740,208
37130787029,http://img01.taobaocdn.com/bao/uploaded/i4/T1g8tNFCdcXXXXXXXX_!!0-item_pic.jpg,50011740,208
38864855982,http://img01.taobaocdn.com/bao/uploaded/i3/TB1dc90FFXXXXa4aXXXXXXXXXXX_!!0-item_pic.jpg,50011740,208
40996131061,http://img01.taobaocdn.com/bao/uploaded/i4/TB1HlqqGXXXXXaOXVXXXXXXXXXX_!!0-item_pic.jpg,50011740,208
38626691704,http://img01.taobaocdn.com/bao/uploaded/i4/743136693/T2WYRyXqNcXXXXXXXX_!!743136693.jpg,50011740,208
41524504849,http://img01.taobaocdn.com/bao/uploaded/i4/1019951755/TB2HvB1aFXXXXahXXXXXXXXXXXX_!!1019951755.jpg,50011740,208
19324382650,http://img01.taobaocdn.com/bao/uploaded/i4/TB1IivoFVXXXXXlXVXXXXXXXXXX_!!0-item_pic.jpg,21,208
7390611063,http://img01.taobaocdn.com/bao/uploaded/i1/T1a_aBXgtQXXX0PMDb_093848.jpg,21,208
262669815,http://img01.taobaocdn.com/bao/uploaded/i1/13075027882915468/T1h6GKFh0gXXXXXXXX_!!0-item_pic.jpg,21,208
19875600197,http://img01.taobaocdn.com/bao/uploaded/i2/TB1hdEZFVXXXXcTaXXXXXXXXXXX_!!0-item_pic.jpg,21,208
26023900253,http://img01.taobaocdn.com/bao/uploaded/i2/TB12i35FFXXXXbgXpXXXXXXXXXX_!!0-item_pic.jpg,21,208
2455226763,http://img01.taobaocdn.com/bao/uploaded/i1/T1UghMFuxXXXXXXXXX_!!0-item_pic.jpg,21,208
22499755215,http://img01.taobaocdn.com/bao/uploaded/i3/14943028110745058/T1cGeRFjdfXXXXXXXX_!!0-item_pic.jpg,21,208
22499755215,http://img01.taobaocdn.com/bao/uploaded/i3/14943028110745058/T1cGeRFjdfXXXXXXXX_!!0-item_pic.jpg,21,208
36508471253,http://img01.taobaocdn.com/bao/uploaded/i1/T10xlcFsFkXXXXXXXX_!!0-item_pic.jpg,21,208
40607915325,http://img01.taobaocdn.com/bao/uploaded/i2/TB1atSeGXXXXXXuXVXXXXXXXXXX_!!0-item_pic.jpg,21,208
41898229419,http://img01.taobaocdn.com/bao/uploaded/i1/TB1y1yOGFXXXXcbXFXXXXXXXXXX_!!0-item_pic.jpg,21,208
8470314229,http://img01.taobaocdn.com/bao/uploaded/i2/TB1Ypx1GVXXXXaoXpXXXXXXXXXX_!!0-item_pic.jpg,21,208
21791851264,http://img01.taobaocdn.com/bao/uploaded/i4/12837026320538884/T1grxTFbthXXXXXXXX_!!0-item_pic.jpg,21,208
22018476080,http://img01.taobaocdn.com/bao/uploaded/i1/T1yk3ZFrldXXXXXXXX_!!0-item_pic.jpg,21,208
36188941451,http://img01.taobaocdn.com/bao/uploaded/i3/13768030741632515/T1jer5XkpkXXXXXXXX_!!0-item_pic.jpg,21,208
20159139055,http://img01.taobaocdn.com/bao/uploaded/i3/TB1WXuPFpXXXXX2bVXXXXXXXXXX_!!0-item_pic.jpg,21,208
20159139055,http://img01.taobaocdn.com/bao/uploaded/i3/TB1WXuPFpXXXXX2bVXXXXXXXXXX_!!0-item_pic.jpg,21,208
39528753917,http://img01.taobaocdn.com/bao/uploaded/i2/TB1EU2fGVXXXXXxXFXXXXXXXXXX_!!0-item_pic.jpg,21,208
19046437534,http://img01.taobaocdn.com/bao/uploaded/i1/TB13qk6GVXXXXbdXFXXXXXXXXXX_!!0-item_pic.jpg,21,208
40550866818,http://img01.taobaocdn.com/bao/uploaded/i4/TB1KPZXFVXXXXa3XVXXXXXXXXXX_!!0-item_pic.jpg,21,208
25443120809,http://img01.taobaocdn.com/bao/uploaded/i1/17634023823036818/T19p9UXqlfXXXXXXXX_!!0-item_pic.jpg,50016422,208
41107361452,http://img01.taobaocdn.com/bao/uploaded/i4/TB1qm88GFXXXXXJXFXXXXXXXXXX_!!0-item_pic.jpg,50016422,208
18677565081,http://img01.taobaocdn.com/bao/uploaded/i2/T1J0S5XqlcXXXXXXXX_!!0-item_pic.jpg,50016422,208
40885121236,http://img01.taobaocdn.com/bao/uploaded/i1/TB1BIVSGXXXXXaBXXXXXXXXXXXX_!!0-item_pic.jpg,50016422,208
37147310689,http://img01.taobaocdn.com/bao/uploaded/i1/T1zeRSFEdaXXXXXXXX_!!0-item_pic.jpg,50016422,208
42584702308,http://img01.taobaocdn.com/bao/uploaded/i4/TB1lGVZGVXXXXb4XpXXXXXXXXXX_!!0-item_pic.jpg,50016422,208
38248868517,http://img01.taobaocdn.com/bao/uploaded/i2/TB1qphzHXXXXXcAXFXXXXXXXXXX_!!2-item_pic.png,50016422,208
37785972132,http://img01.taobaocdn.com/bao/uploaded/i2/TB1LVKSGFXXXXbgXXXXXXXXXXXX_!!0-item_pic.jpg,50016422,208
16685867196,http://img01.taobaocdn.com/bao/uploaded/i4/T1ZrzCXb0XXXca8bwU_013711.jpg,50016422,208
12778229947,http://img01.taobaocdn.com/bao/uploaded/i4/19261029578157010/T1clnRFoBcXXXXXXXX_!!0-item_pic.jpg,50016422,208
16119810375,http://img01.taobaocdn.com/bao/uploaded/i3/T1sgvUXdxbXXcwcZk7_064038.jpg,50016422,208
40537386915,http://img01.taobaocdn.com/bao/uploaded/i4/TB17iY7FVXXXXa5XVXXXXXXXXXX_!!0-item_pic.jpg,50016422,208
42000507129,http://img01.taobaocdn.com/bao/uploaded/i3/TB1IjbPGFXXXXbrXpXXXXXXXXXX_!!0-item_pic.jpg,50016422,208
38518790733,http://img01.taobaocdn.com/bao/uploaded/i4/T1ZxdlFP8bXXXXXXXX_!!0-item_pic.jpg,50016422,208
20429723976,http://img01.taobaocdn.com/bao/uploaded/i1/16378034977844316/T1siSBXvVcXXXXXXXX_!!2-item_pic.png,50016422,208
16606737286,http://img01.taobaocdn.com/bao/uploaded/i1/10046033137812150/T1Bbf2XoxlXXXXXXXX_!!0-item_pic.jpg,50016422,208
12691715584,http://img01.taobaocdn.com/bao/uploaded/i2/T1FHecXedzXXamDBLb_095115.jpg,50016422,208
41059502228,http://img01.taobaocdn.com/bao/uploaded/i1/TB1i_FpFVXXXXakaXXXXXXXXXXX_!!0-item_pic.jpg,50016422,208
40763208586,http://img01.taobaocdn.com/bao/uploaded/i3/TB1sfUpGpXXXXaIXFXXXXXXXXXX_!!0-item_pic.jpg,50016422,208
40330714340,http://img01.taobaocdn.com/bao/uploaded/i1/TB1XLrdFVXXXXa.XXXXXXXXXXXX_!!0-item_pic.jpg,50016422,208
8511297291,http://img01.taobaocdn.com/bao/uploaded/i1/10013034593528054/T1B9WkXzBdXXXXXXXX_!!0-item_pic.jpg,23,208
40419392266,http://img01.taobaocdn.com/bao/uploaded/i1/TB17lp3FVXXXXcWXVXXXXXXXXXX_!!0-item_pic.jpg,23,208
16076311593,http://img01.taobaocdn.com/bao/uploaded/i4/T1ptYlXetoXXaOQjLb_124550.jpg,23,208
38827220538,http://img01.taobaocdn.com/bao/uploaded/i3/T1ft5VFNdXXXXXXXXX_!!0-item_pic.jpg,23,208
22068920520,http://img01.taobaocdn.com/bao/uploaded/i2/10747019236653657/T10YcTXgReXXXXXXXX_!!0-item_pic.jpg,23,208
40087298308,http://img01.taobaocdn.com/bao/uploaded/i1/TB1d3weFVXXXXX2XpXXXXXXXXXX_!!0-item_pic.jpg,23,208
39491504640,http://img01.taobaocdn.com/bao/uploaded/i1/TB1d6onFpXXXXaYaFXXXXXXXXXX_!!0-item_pic.jpg,23,208
39842045870,http://img01.taobaocdn.com/bao/uploaded/i3/2049432264/T16wrnFHRcXXXXXXXX_!!0-item_pic.jpg,23,208
38125054073,http://img01.taobaocdn.com/bao/uploaded/i1/T1zVcLFJxdXXXXXXXX_!!0-item_pic.jpg,23,208
8437006364,http://img01.taobaocdn.com/bao/uploaded/i4/T14N9fXnFoXXciXwc9_103416.jpg,23,208
38949941782,http://img01.taobaocdn.com/bao/uploaded/i4/T1n5EbFNpaXXXXXXXX_!!0-item_pic.jpg,23,208
15516937181,http://img01.taobaocdn.com/bao/uploaded/i4/TB1xEJJFFXXXXXUapXXXXXXXXXX_!!0-item_pic.jpg,23,208
35481308331,http://img01.taobaocdn.com/bao/uploaded/i2/12030029220050118/T10QPOFXhcXXXXXXXX_!!0-item_pic.jpg,23,208
40257389775,http://img01.taobaocdn.com/bao/uploaded/i4/TB1qah0FVXXXXaRXpXXXXXXXXXX_!!0-item_pic.jpg,23,208
40587852208,http://img01.taobaocdn.com/bao/uploaded/i3/TB1l3PCGVXXXXaCXXXXXXXXXXXX_!!0-item_pic.jpg,23,208
39434241569,http://img01.taobaocdn.com/bao/uploaded/i3/TB1_fwnFVXXXXbOXFXXXXXXXXXX_!!0-item_pic.jpg,23,208
38859223643,http://img01.taobaocdn.com/bao/uploaded/i2/TB1qdt_GXXXXXbqaXXXXXXXXXXX_!!0-item_pic.jpg,23,208
37891475086,http://img01.taobaocdn.com/bao/uploaded/i2/TB1ZN0vHXXXXXa0XXXXXXXXXXXX_!!0-item_pic.jpg,23,208
22492675772,http://img01.taobaocdn.com/bao/uploaded/i1/T1lKFCXrdbXXXXXXXX_!!0-item_pic.jpg,23,208
19663014020,http://img01.taobaocdn.com/bao/uploaded/i3/T1NwivFlhaXXXXXXXX_!!0-item_pic.jpg,23,208
15218482445,http://img01.taobaocdn.com/bao/uploaded/i2/TB1.5wGGVXXXXXEXVXXXXXXXXXX_!!0-item_pic.jpg,50020274,208
38725367240,http://img01.taobaocdn.com/bao/uploaded/i4/T1VqbRFdteXXXXXXXX_!!0-item_pic.jpg,50020274,208
37906500864,http://img01.taobaocdn.com/bao/uploaded/i3/TB1FuE9GVXXXXaUXpXXXXXXXXXX_!!0-item_pic.jpg,50020274,208
39799607771,http://img01.taobaocdn.com/bao/uploaded/i1/TB1WssnGVXXXXboXpXXXXXXXXXX_!!0-item_pic.jpg,50020274,208
13187139085,http://img01.taobaocdn.com/bao/uploaded/i3/TB19EDiFVXXXXcKXVXXXXXXXXXX_!!0-item_pic.jpg,50020274,208
17326133088,http://img01.taobaocdn.com/bao/uploaded/i2/18843033010052329/T1RQxqXppgXXXXXXXX_!!0-item_pic.jpg,50020274,208
40863658662,http://img01.taobaocdn.com/bao/uploaded/i3/TB1cGMdGVXXXXaPXFXXXXXXXXXX_!!0-item_pic.jpg,50020274,208
38347651835,http://img01.taobaocdn.com/bao/uploaded/i3/T11Aw5FrtcXXXXXXXX_!!0-item_pic.jpg,50020274,208
39859634225,http://img01.taobaocdn.com/bao/uploaded/i3/T1hR90FHBbXXXXXXXX_!!0-item_pic.jpg,50020274,208
39073631086,http://img01.taobaocdn.com/bao/uploaded/i1/TB1CSbyGXXXXXbTaXXXXXXXXXXX_!!0-item_pic.jpg,50020274,208
38897003370,http://img01.taobaocdn.com/bao/uploaded/i4/TB1C9hYFVXXXXXKXXXXXXXXXXXX_!!0-item_pic.jpg,50020274,208
36626639848,http://img01.taobaocdn.com/bao/uploaded/i2/TB1C5EWFFXXXXc.XVXXXXXXXXXX_!!0-item_pic.jpg,50020274,208
41188155821,http://img01.taobaocdn.com/bao/uploaded/i2/TB1d8yGGpXXXXXWXVXXCtBDFXXX_113958.jpg,50020274,208
39471613440,http://img01.taobaocdn.com/bao/uploaded/i2/TB116z.FXXXXXX9dXXXXXXXXXXX_!!0-item_pic.jpg,50020274,208
15147484445,http://img01.taobaocdn.com/bao/uploaded/i1/13392019145178120/T1ddMQXbVbXXXXXXXX_!!0-item_pic.jpg,50020274,208
40903542872,http://img01.taobaocdn.com/bao/uploaded/i1/T1YKQIFcXXXXXXXXXX_!!0-item_pic.jpg,50020274,208
42605066735,http://img01.taobaocdn.com/bao/uploaded/i1/TB1dgttGVXXXXX_XpXXXXXXXXXX_!!0-item_pic.jpg,50020274,208
39134249070,http://img01.taobaocdn.com/bao/uploaded/i1/TB1U3xOFVXXXXaFXFXXXXXXXXXX_!!0-item_pic.jpg,50020274,208
22872400860,http://img01.taobaocdn.com/bao/uploaded/i1/TB1DROSGVXXXXX.aXXXXXXXXXXX_!!0-item_pic.jpg,50020274,208
9581331511,http://img01.taobaocdn.com/bao/uploaded/i2/T1uLe1XXtbXXXfWyZ._112640.jpg,50020274,208
42349689298,http://img01.taobaocdn.com/bao/uploaded/i3/1042837485/TB2FANHbXXXXXb0XXXXXXXXXXXX_!!1042837485.jpg,25,208
42672051814,http://img01.taobaocdn.com/bao/uploaded/i4/TB1xvFmHXXXXXXrXFXXXXXXXXXX_!!0-item_pic.jpg,25,208
40789948447,http://img01.taobaocdn.com/bao/uploaded/i4/TB1rfWkGXXXXXaYaXXXXXXXXXXX_!!0-item_pic.jpg,25,208
20139946109,http://img01.taobaocdn.com/bao/uploaded/i1/T1FJmOFXxeXXXXXXXX_!!0-item_pic.jpg,25,208
42535175360,http://img01.taobaocdn.com/bao/uploaded/i3/TB1.TC8GVXXXXcKXXXXXXXXXXXX_!!0-item_pic.jpg,25,208
21522176185,http://img01.taobaocdn.com/bao/uploaded/i1/T1GbR0Fr0XXXXXXXXX_!!0-item_pic.jpg,25,208
37024428435,http://img01.taobaocdn.com/bao/uploaded/i1/T1kFPnFrdjXXXXXXXX_!!0-item_pic.jpg,25,208
13946736458,http://img01.taobaocdn.com/bao/uploaded/i4/TB1zCI.GVXXXXayXVXXXXXXXXXX_!!0-item_pic.jpg,25,208
42263009607,http://img01.taobaocdn.com/bao/uploaded/i4/TB1o7svGFXXXXaAXFXXXXXXXXXX_!!0-item_pic.jpg,25,208
39857929204,http://img01.taobaocdn.com/bao/uploaded/i1/TB1HFRiFVXXXXbpXFXXXXXXXXXX_!!0-item_pic.jpg,25,208
40400879622,http://img01.taobaocdn.com/bao/uploaded/i2/TB1E006GVXXXXctXpXXXXXXXXXX_!!0-item_pic.jpg,25,208
20694128190,http://img01.taobaocdn.com/bao/uploaded/i2/TB1fVjpGVXXXXapaXXXXXXXXXXX_!!0-item_pic.jpg,25,208
8271169264,http://img01.taobaocdn.com/bao/uploaded/i3/T1E6e_Fa8eXXXXXXXX_!!0-item_pic.jpg,25,208
21585652413,http://img01.taobaocdn.com/bao/uploaded/i1/TB1QS5bGXXXXXbOXXXXXXXXXXXX_!!0-item_pic.jpg,25,208
40610092261,http://img01.taobaocdn.com/bao/uploaded/i1/TB1e1cgGVXXXXcaXpXXXXXXXXXX_!!0-item_pic.jpg,25,208
10294881981,http://img01.taobaocdn.com/bao/uploaded/i4/TB1nntpGFXXXXamaXXXXXXXXXXX_!!0-item_pic.jpg,25,208
37395246659,http://img01.taobaocdn.com/bao/uploaded/i2/TB1kveUFVXXXXbGXXXXXXXXXXXX_!!0-item_pic.jpg,25,208
38118880815,http://img01.taobaocdn.com/bao/uploaded/i1/T18l_TFvdcXXXXXXXX_!!0-item_pic.jpg,25,208
14460786134,http://img01.taobaocdn.com/bao/uploaded/i3/T1n5RkFpdbXXXXXXXX_!!0-item_pic.jpg,25,208
14826769465,http://img01.taobaocdn.com/bao/uploaded/i3/12406021705279646/T1lIVsXAdbXXXXXXXX_!!0-item_pic.jpg,25,208
42495798669,http://img01.taobaocdn.com/bao/uploaded/i2/TB1FRjUGpXXXXbFXVXXXXXXXXXX_!!0-item_pic.jpg,11,208
42495798669,http://img01.taobaocdn.com/bao/uploaded/i2/TB1FRjUGpXXXXbFXVXXXXXXXXXX_!!0-item_pic.jpg,11,208
15528110175,http://img01.taobaocdn.com/bao/uploaded/i1/TB1IitRFVXXXXcCXVXXXXXXXXXX_!!0-item_pic.jpg,11,208
15528110175,http://img01.taobaocdn.com/bao/uploaded/i1/TB1IitRFVXXXXcCXVXXXXXXXXXX_!!0-item_pic.jpg,11,208
42393039445,http://img01.taobaocdn.com/bao/uploaded/i1/TB121VsGFXXXXb2aXXXXXXXXXXX_!!0-item_pic.jpg,11,208
42393039445,http://img01.taobaocdn.com/bao/uploaded/i1/TB121VsGFXXXXb2aXXXXXXXXXXX_!!0-item_pic.jpg,11,208
35223014634,http://img01.taobaocdn.com/bao/uploaded/i4/T183ziXiluXXXXXXXX_!!0-item_pic.jpg,11,208
35223014634,http://img01.taobaocdn.com/bao/uploaded/i4/T183ziXiluXXXXXXXX_!!0-item_pic.jpg,11,208
13045220500,http://img01.taobaocdn.com/bao/uploaded/i1/T1S1tVXlJjXXXstIHb_123346.jpg,11,208
13045220500,http://img01.taobaocdn.com/bao/uploaded/i1/T1S1tVXlJjXXXstIHb_123346.jpg,11,208
18396797981,http://img01.taobaocdn.com/bao/uploaded/i1/TB10CAGGXXXXXc7XXXXXXXXXXXX_!!0-item_pic.jpg,11,208
18396797981,http://img01.taobaocdn.com/bao/uploaded/i1/TB10CAGGXXXXXc7XXXXXXXXXXXX_!!0-item_pic.jpg,11,208
21417903974,http://img01.taobaocdn.com/bao/uploaded/i2/TB1n3dWGVXXXXXVXpXXXXXXXXXX_!!0-item_pic.jpg,11,208
21417903974,http://img01.taobaocdn.com/bao/uploaded/i2/TB1n3dWGVXXXXXVXpXXXXXXXXXX_!!0-item_pic.jpg,11,208
17787239988,http://img01.taobaocdn.com/bao/uploaded/i1/T1Qk8DFvRaXXXXXXXX_!!0-item_pic.jpg,11,208
17787239988,http://img01.taobaocdn.com/bao/uploaded/i1/T1Qk8DFvRaXXXXXXXX_!!0-item_pic.jpg,11,208
15857595687,http://img01.taobaocdn.com/bao/uploaded/i3/19712035254464371/T1O65GXzJhXXXXXXXX_!!0-item_pic.jpg,11,208
15857595687,http://img01.taobaocdn.com/bao/uploaded/i3/19712035254464371/T1O65GXzJhXXXXXXXX_!!0-item_pic.jpg,11,208
15234478539,http://img01.taobaocdn.com/bao/uploaded/i2/T1jwWHFptfXXXXXXXX_!!0-item_pic.jpg,11,208
15234478539,http://img01.taobaocdn.com/bao/uploaded/i2/T1jwWHFptfXXXXXXXX_!!0-item_pic.jpg,11,208
42136868051,http://img01.taobaocdn.com/bao/uploaded/i1/TB1yOn6GFXXXXbhXXXXXXXXXXXX_!!0-item_pic.jpg,50010728,208
36501730690,http://img01.taobaocdn.com/bao/uploaded/i1/TB1kvlFGXXXXXX7aFXXXXXXXXXX_!!0-item_pic.jpg,50010728,208
36335368205,http://img01.taobaocdn.com/bao/uploaded/i2/T1XED1Fe8cXXXXXXXX_!!0-item_pic.jpg,50010728,208
37438278019,http://img01.taobaocdn.com/bao/uploaded/i2/T16IGwFtBcXXXXXXXX_!!0-item_pic.jpg,50010728,208
40620900511,http://img01.taobaocdn.com/bao/uploaded/i2/TB1SlOxGXXXXXcIXFXXXXXXXXXX_!!0-item_pic.jpg,50010728,208
26019612721,http://img01.taobaocdn.com/bao/uploaded/i3/17454024589252699/T1v_teFmBgXXXXXXXX_!!0-item_pic.jpg,50010728,208
40742537508,http://img01.taobaocdn.com/bao/uploaded/i1/TB1utZUFVXXXXa9XVXXXXXXXXXX_!!0-item_pic.jpg,50010728,208
20524951551,http://img01.taobaocdn.com/bao/uploaded/i4/TB1B__WFVXXXXbhXFXXXXXXXXXX_!!0-item_pic.jpg,50010728,208
39891932680,http://img01.taobaocdn.com/bao/uploaded/i2/TB1Y4FmFVXXXXavXpXXXXXXXXXX_!!0-item_pic.jpg,50010728,208
40971936293,http://img01.taobaocdn.com/bao/uploaded/i1/TB1Rv6TGFXXXXauXFXXXXXXXXXX_!!0-item_pic.jpg,50010728,208
17190430011,http://img01.taobaocdn.com/bao/uploaded/i4/19459019809774034/T1sS0tXClXXXXXXXXX_!!0-item_pic.jpg,50010728,208
19575366551,http://img01.taobaocdn.com/bao/uploaded/i4/TB1nXU3FFXXXXXIXXXXXXXXXXXX_!!0-item_pic.jpg,50010728,208
36935338990,http://img01.taobaocdn.com/bao/uploaded/i4/T1vLBkFT4dXXXXXXXX_!!0-item_pic.jpg,50010728,208
9543422916,http://img01.taobaocdn.com/bao/uploaded/i3/TB1BMMPGVXXXXXbXFXXXXXXXXXX_!!0-item_pic.jpg,50010728,208
41855038903,http://img01.taobaocdn.com/bao/uploaded/i2/TB1f8ySGFXXXXamapXXXXXXXXXX_!!0-item_pic.jpg,50010728,208
40627581729,http://img01.taobaocdn.com/bao/uploaded/i1/TB1GLI6FVXXXXXfXXXXXXXXXXXX_!!0-item_pic.jpg,50010728,208
40360227143,http://img01.taobaocdn.com/bao/uploaded/i4/TB1LJvkFVXXXXbYXpXXXXXXXXXX_!!0-item_pic.jpg,50010728,208
36001965724,http://img01.taobaocdn.com/bao/uploaded/i2/TB11LMeFVXXXXafapXXXXXXXXXX_!!0-item_pic.jpg,50010728,208
19891942575,http://img01.taobaocdn.com/bao/uploaded/i4/10083027337474648/T1pNGxFaxeXXXXXXXX_!!0-item_pic.jpg,50010728,208
36888539761,http://img01.taobaocdn.com/bao/uploaded/i1/TB1pyt5FVXXXXc.XXXXXXXXXXXX_!!0-item_pic.jpg,50010728,208
40020316828,http://img01.taobaocdn.com/bao/uploaded/i4/TB1YidHFVXXXXbPXpXXXXXXXXXX_!!0-item_pic.jpg,26,208
40005977759,http://img01.taobaocdn.com/bao/uploaded/i1/TB1aINLFVXXXXa9XpXXXXXXXXXX_!!0-item_pic.jpg,26,208
16544508776,http://img01.taobaocdn.com/bao/uploaded/i4/11668030395320881/T10iIuXgBXXXXXXXXX_!!0-item_pic.jpg,26,208
27307432328,http://img01.taobaocdn.com/bao/uploaded/i4/15672029213527631/T1p2GFFbFcXXXXXXXX_!!0-item_pic.jpg,26,208
19287795306,http://img01.taobaocdn.com/bao/uploaded/i1/17140022207867916/T163REXsFXXXXXXXXX_!!0-item_pic.jpg,26,208
19958382405,http://img01.taobaocdn.com/bao/uploaded/i4/TB13_aDGVXXXXaIXVXXXXXXXXXX_!!0-item_pic.jpg,26,208
16729585294,http://img01.taobaocdn.com/bao/uploaded/i1/12614018885493047/T1e8kzXlVaXXXXXXXX_!!0-item_pic.jpg,26,208
19803571527,http://img01.taobaocdn.com/bao/uploaded/i2/17292023606867507/T1Ygd9XrJhXXXXXXXX_!!0-item_pic.jpg,26,208
38390832233,http://img01.taobaocdn.com/bao/uploaded/i2/T1oRzaFRtbXXXXXXXX_!!0-item_pic.jpg,26,208
39813504499,http://img01.taobaocdn.com/bao/uploaded/i3/TB1yu29FVXXXXbXXFXXXXXXXXXX_!!0-item_pic.jpg,26,208
15548590731,http://img01.taobaocdn.com/bao/uploaded/i4/TB1UcogGVXXXXcdXVXXXXXXXXXX_!!0-item_pic.jpg,26,208
20119062965,http://img01.taobaocdn.com/bao/uploaded/i4/T1QShfFPhcXXXXXXXX_!!0-item_pic.jpg,26,208
36863666939,http://img01.taobaocdn.com/bao/uploaded/i1/T1n1FFFvXJXXXXXXXX_!!0-item_pic.jpg,26,208
42705227009,http://img01.taobaocdn.com/bao/uploaded/i3/TB1D1uEGVXXXXXUXVXXXXXXXXXX_!!0-item_pic.jpg,26,208
42709966262,http://img01.taobaocdn.com/bao/uploaded/i1/TB1EZwUFVXXXXblaXXXXXXXXXXX_!!0-item_pic.jpg,26,208
41057118064,http://img01.taobaocdn.com/bao/uploaded/i3/TB1prOVGXXXXXbTXXXXXXXXXXXX_!!0-item_pic.jpg,26,208
38516768083,http://img01.taobaocdn.com/bao/uploaded/i4/T1Pw_uFGFXXXXXXXXX_!!0-item_pic.jpg,26,208
35632461824,http://img01.taobaocdn.com/bao/uploaded/i3/T1Qpf_FKVbXXXXXXXX_!!0-item_pic.jpg,26,208
40335920677,http://img01.taobaocdn.com/bao/uploaded/i4/TB1svi5FVXXXXb.XXXXXXXXXXXX_!!0-item_pic.jpg,26,208
37171186731,http://img01.taobaocdn.com/bao/uploaded/i4/TB1McoEGXXXXXXYXXXXXXXXXXXX_!!0-item_pic.jpg,26,208
18598031983,http://img01.taobaocdn.com/bao/uploaded/i1/11416024043093835/T1pWJkFfBbXXXXXXXX_!!0-item_pic.jpg,50007218,208
26648516587,http://img01.taobaocdn.com/bao/uploaded/i1/17476025890243293/T1j3X0FnFbXXXXXXXX_!!0-item_pic.jpg,50007218,208
38988400780,http://img01.taobaocdn.com/bao/uploaded/i3/T1Lv6RFKJaXXXXXXXX_!!0-item_pic.jpg,50007218,208
19706555265,http://img01.taobaocdn.com/bao/uploaded/i3/TB16yenGXXXXXaFXVXXXXXXXXXX_!!0-item_pic.jpg,50007218,208
41949220201,http://img01.taobaocdn.com/bao/uploaded/i4/TB1txaVGFXXXXadXpXXXXXXXXXX_!!0-item_pic.jpg,50007218,208
39069731599,http://img01.taobaocdn.com/bao/uploaded/i2/TB1ZdhmFVXXXXXEapXXXXXXXXXX_!!0-item_pic.jpg,50007218,208
19537266486,http://img01.taobaocdn.com/bao/uploaded/i3/T1gNH9FSRbXXXXXXXX_!!0-item_pic.jpg,50007218,208
41462195992,http://img01.taobaocdn.com/bao/uploaded/i3/TB1d9dPGpXXXXa2XFXXXXXXXXXX_!!0-item_pic.jpg,50007218,208
40378268764,http://img01.taobaocdn.com/bao/uploaded/i3/TB1k0jwGFXXXXcZXpXXXXXXXXXX_!!0-item_pic.jpg,50007218,208
35763532613,http://img01.taobaocdn.com/bao/uploaded/i4/13922030216747147/T1EuAuFjNcXXXXXXXX_!!0-item_pic.jpg,50007218,208
37995364792,http://img01.taobaocdn.com/bao/uploaded/i3/T1HTiaFBpbXXXXXXXX_!!0-item_pic.jpg,50007218,208
39082473856,http://img01.taobaocdn.com/bao/uploaded/i2/T16UmUFKXeXXXXXXXX_!!0-item_pic.jpg,50007218,208
38494980371,http://img01.taobaocdn.com/bao/uploaded/i2/TB1jfWlGXXXXXc2XXXXXXXXXXXX_!!0-item_pic.jpg,50007218,208
40440434011,http://img01.taobaocdn.com/bao/uploaded/i1/TB1GujJFVXXXXanXpXXXXXXXXXX_!!0-item_pic.jpg,50007218,208
40966957097,http://img01.taobaocdn.com/bao/uploaded/i3/TB10dWdGXXXXXXtXFXXXXXXXXXX_!!0-item_pic.jpg,50007218,208
13140034696,http://img01.taobaocdn.com/bao/uploaded/i3/T1DRCyXe8aXXXN7vTa_091127.jpg,50007218,208
22161627112,http://img01.taobaocdn.com/bao/uploaded/i2/18609028869983719/T1kycEXjxdXXXXXXXX_!!0-item_pic.jpg,50007218,208
16395702565,http://img01.taobaocdn.com/bao/uploaded/i1/TB1qGsFGXXXXXXkXFXXXXXXXXXX_!!0-item_pic.jpg,50007218,208
13106182616,http://img01.taobaocdn.com/bao/uploaded/i3/13394020687373116/T13RxOXwlbXXXXXXXX_!!0-item_pic.jpg,50007218,208
35281877493,http://img01.taobaocdn.com/bao/uploaded/i4/17946029960415351/T1za7iFh4aXXXXXXXX_!!0-item_pic.jpg,50007218,208
19324382650,http://img01.taobaocdn.com/bao/uploaded/i4/TB1IivoFVXXXXXlXVXXXXXXXXXX_!!0-item_pic.jpg,27,208
12301765231,http://img01.taobaocdn.com/bao/uploaded/i3/TB1NNGiFFXXXXcWapXXXXXXXXXX_!!0-item_pic.jpg,27,208
36386205732,http://img01.taobaocdn.com/bao/uploaded/i4/TB143W4GFXXXXXmaXXXXXXXXXXX_!!0-item_pic.jpg,27,208
19875600197,http://img01.taobaocdn.com/bao/uploaded/i2/TB1hdEZFVXXXXcTaXXXXXXXXXXX_!!0-item_pic.jpg,27,208
23053300678,http://img01.taobaocdn.com/bao/uploaded/i4/14550030961317644/T1MvfLFhpaXXXXXXXX_!!0-item_pic.jpg,27,208
38385936458,http://img01.taobaocdn.com/bao/uploaded/i1/TB1ey1kGXXXXXbBXpXXXXXXXXXX_!!0-item_pic.jpg,27,208
35093764096,http://img01.taobaocdn.com/bao/uploaded/i3/T1ZoM_FndhXXXXXXXX_!!0-item_pic.jpg,27,208
18414101721,http://img01.taobaocdn.com/bao/uploaded/i1/14900024310065094/T1nLOWXpliXXXXXXXX_!!2-item_pic.png,27,208
40607915325,http://img01.taobaocdn.com/bao/uploaded/i2/TB1atSeGXXXXXXuXVXXXXXXXXXX_!!0-item_pic.jpg,27,208
38344943629,http://img01.taobaocdn.com/bao/uploaded/i1/T1NTw0FsddXXXXXXXX_!!0-item_pic.jpg,27,208
35700998138,http://img01.taobaocdn.com/bao/uploaded/i3/TB1uG1EGFXXXXXZXXXXXXXXXXXX_!!0-item_pic.jpg,27,208
36359528046,http://img01.taobaocdn.com/bao/uploaded/i2/TB12UJhFVXXXXcWXFXXXXXXXXXX_!!0-item_pic.jpg,27,208
8470314229,http://img01.taobaocdn.com/bao/uploaded/i2/TB1Ypx1GVXXXXaoXpXXXXXXXXXX_!!0-item_pic.jpg,27,208
22018476080,http://img01.taobaocdn.com/bao/uploaded/i1/T1yk3ZFrldXXXXXXXX_!!0-item_pic.jpg,27,208
18063559627,http://img01.taobaocdn.com/bao/uploaded/i4/T1lKIjXhJaXXXXXXXX_!!0-item_pic.jpg,27,208
36464233337,http://img01.taobaocdn.com/bao/uploaded/i3/TB19agUFFXXXXaIXFXXXXXXXXXX_!!0-item_pic.jpg,27,208
19046437534,http://img01.taobaocdn.com/bao/uploaded/i1/TB13qk6GVXXXXbdXFXXXXXXXXXX_!!0-item_pic.jpg,27,208
38291108536,http://img01.taobaocdn.com/bao/uploaded/i1/T1gmkOFLtbXXXXXXXX_!!0-item_pic.jpg,27,208
19251124369,http://img01.taobaocdn.com/bao/uploaded/i4/TB1pzvOGVXXXXadaXXXXXXXXXXX_!!0-item_pic.jpg,27,208
40375167980,http://img01.taobaocdn.com/bao/uploaded/i2/TB1vI0hGXXXXXbWXXXXXXXXXXXX_!!0-item_pic.jpg,27,208
19792726524,http://img01.taobaocdn.com/bao/uploaded/i4/T1gCQRFOFaXXXXXXXX_!!0-item_pic.jpg,28,208
40924334455,http://img01.taobaocdn.com/bao/uploaded/i2/TB1QB3TFVXXXXcEXXXXXXXXXXXX_!!0-item_pic.jpg,28,208
39690217722,http://img01.taobaocdn.com/bao/uploaded/i2/TB1rZOvFVXXXXb_XpXXXXXXXXXX_!!0-item_pic.jpg,28,208
41814012704,http://img01.taobaocdn.com/bao/uploaded/i2/TB1hhtnGFXXXXbUXVXXXXXXXXXX_!!0-item_pic.jpg,28,208
40811518704,http://img01.taobaocdn.com/bao/uploaded/i1/TB1EspSGXXXXXaWXpXXXXXXXXXX_!!0-item_pic.jpg,28,208
36650290032,http://img01.taobaocdn.com/bao/uploaded/i4/TB1BsZ1GVXXXXXvXVXXXXXXXXXX_!!0-item_pic.jpg,28,208
40854230951,http://img01.taobaocdn.com/bao/uploaded/i3/TB1eiWUGXXXXXcxXXXXXXXXXXXX_!!0-item_pic.jpg,28,208
27461252607,http://img01.taobaocdn.com/bao/uploaded/i3/TB16pLxGpXXXXXwXXXXXXXXXXXX_!!0-item_pic.jpg,28,208
40951669748,http://img01.taobaocdn.com/bao/uploaded/i4/TB1OJ0.GXXXXXcgXpXXXXXXXXXX_!!0-item_pic.jpg,28,208
42285210993,http://img01.taobaocdn.com/bao/uploaded/i3/TB1fuZ.GVXXXXbbXFXXXXXXXXXX_!!0-item_pic.jpg,28,208
37635045673,http://img01.taobaocdn.com/bao/uploaded/i4/T1Pi5AXv8eXXXXXXXX_!!2-item_pic.png,28,208
41575334733,http://img01.taobaocdn.com/bao/uploaded/i3/TB1e0TrGpXXXXaoXXXXXXXXXXXX_!!0-item_pic.jpg,28,208
40493611112,http://img01.taobaocdn.com/bao/uploaded/i3/TB1cYmYGVXXXXbvXVXXXXXXXXXX_!!0-item_pic.jpg,28,208
41035843634,http://img01.taobaocdn.com/bao/uploaded/i3/TB1dzjVGFXXXXb6XFXXXXXXXXXX_!!0-item_pic.jpg,28,208
41209761770,http://img01.taobaocdn.com/bao/uploaded/i2/TB17uFlHXXXXXcIXXXXXXXXXXXX_!!0-item_pic.jpg,28,208
39248826037,http://img01.taobaocdn.com/bao/uploaded/i4/T1IoQOFOlcXXXXXXXX_!!0-item_pic.jpg,28,208
20200378112,http://img01.taobaocdn.com/bao/uploaded/i3/T14i9sFG4aXXXXXXXX_!!0-item_pic.jpg,28,208
38799207642,http://img01.taobaocdn.com/bao/uploaded/i2/TB1AJNmHXXXXXXoXXXXXXXXXXXX_!!0-item_pic.jpg,28,208
36163977863,http://img01.taobaocdn.com/bao/uploaded/i3/TB1SA9EFVXXXXaOXVXXXXXXXXXX_!!0-item_pic.jpg,28,208
38027513163,http://img01.taobaocdn.com/bao/uploaded/i4/T1FXnEFQRXXXXXXXXX_!!0-item_pic.jpg,28,208
